
{
  "variant": "professional",
  "primary": "hsl(215, 55%, 41%)",
  "appearance": "light",
  "radius": 0.5,
  "colors": {
    "primary": "#2F64A3",
    "primary-dark": "#1F4578",
    "secondary": "#777777",
    "accent": "#d9e2ef",
    "background": "#f8f8f8",
    "text": "#333333"
  },
  "homePage": {
    "sections": [
      {
        "type": "hero",
        "title": "Welcome to the Network!",
        "content": "Connect with professionals in your field."
      },
      {
        "type": "featured",
        "title": "Featured Connections",
        "items": [
          {"name": "User 1", "image": "user1.jpg"},
          {"name": "User 2", "image": "user2.jpg"}
        ]
      }
    ]
  },
  "signUp": {
    "steps": [
      {"title": "Account Details"},
      {"title": "Profile Information"},
      {"title": "Verification"}
    ]
  },
  "myNetwork": {
    "connections": [
      {"name": "Dummy User 1"},
      {"name": "Dummy User 2"},
      {"name": "Dummy User 3"}
    ]
  }
}
